ruc;nombre;archivo_backend;en_catalogo;segmento_bd;tamano_sav;segmento_sav_ultimo;segmento_sav_por_periodo;meses_que_no_cuadran;activo_ultimo_musd;ultimo_periodo;tamano_json_rep01;tipo_diferencia
0190115798001;COAC.  JUVENTUD ECUATORIANA PROGRESISTA LIMITADA;COAC___JUVENTUD_ECUATORIANA_PROGRESISTA_LIMITADA;si;0;Sin Segmento;S1;S1: 2024-01..2026-08 (32m);32/32;3626.2;2026-08;Sin Segmento;BD=0 (Sin Segmento) vs .sav S1-S5
0190155722001;COAC.  JARDIN AZUAYO LIMITADA;COAC___JARDIN_AZUAYO_LIMITADA;si;0;Sin Segmento;S1;S1: 2024-01..2026-08 (32m);32/32;2526.49;2026-08;Sin Segmento;BD=0 (Sin Segmento) vs .sav S1-S5
1790501469001;COAC.  ALIANZA DEL VALLE LIMITADA;COAC___ALIANZA_DEL_VALLE_LIMITADA;si;0;Sin Segmento;S1;S1: 2024-01..2026-08 (32m);32/32;1562.86;2026-08;Sin Segmento;BD=0 (Sin Segmento) vs .sav S1-S5
1790567699001;COAC.  29 DE OCTUBRE LTDA;COAC___29_DE_OCTUBRE_LTDA;si;0;Sin Segmento;S1;S1: 2024-01..2026-08 (32m);32/32;1085.79;2026-08;Sin Segmento;BD=0 (Sin Segmento) vs .sav S1-S5
0691706710001;COAC.  FERNANDO DAQUILEMA LIMITADA;COAC___FERNANDO_DAQUILEMA_LIMITADA;si;2;Segmento 2;S1;S1: 2024-01..2026-08 (32m);32/32;837.88;2026-08;Segmento 2;segmento distinto
1790451801001;COAC.  COOPROGRESO LIMITADA;COAC___COOPROGRESO_LIMITADA;si;0;Sin Segmento;S1;S1: 2024-01..2026-08 (32m);32/32;800.71;2026-08;Sin Segmento;BD=0 (Sin Segmento) vs .sav S1-S5
1890003628001;COAC.  SAN FRANCISCO LTDA;COAC___SAN_FRANCISCO_LTDA;si;0;Sin Segmento;S1;S1: 2024-01..2026-08 (32m);32/32;799.24;2026-08;Sin Segmento;BD=0 (Sin Segmento) vs .sav S1-S5
1790325083001;COAC.  ANDALUCIA LIMITADA;COAC___ANDALUCIA_LIMITADA;si;0;Sin Segmento;S1;S1: 2024-01..2026-08 (32m);32/32;749.25;2026-08;Sin Segmento;BD=0 (Sin Segmento) vs .sav S1-S5
1890141877001;COAC.  MUSHUC RUNA LTDA;COAC___MUSHUC_RUNA_LTDA;si;0;Sin Segmento;S1;S1: 2024-01..2026-08 (32m);32/32;726.27;2026-08;Segmento 3;BD=0 (Sin Segmento) vs .sav S1-S5
1890001323001;COAC.  OSCUS LIMITADA;COAC___OSCUS_LIMITADA;si;0;Sin Segmento;S1;S1: 2024-01..2026-08 (32m);32/32;678.38;2026-08;Sin Segmento;BD=0 (Sin Segmento) vs .sav S1-S5
0690045389001;COAC.  RIOBAMBA LTDA;COAC___RIOBAMBA_LTDA;si;0;Sin Segmento;S1;S1: 2024-01..2026-08 (32m);32/32;643.53;2026-08;Sin Segmento;BD=0 (Sin Segmento) vs .sav S1-S5
0590052000001;COAC.  DE LA PEQUEÑA EMPRESA DE COTOPAXI LIMITADA;COAC___DE_LA_PEQUENA_EMPRESA_DE_COTOPAXI_LIMITADA;si;0;Sin Segmento;S1;S1: 2024-01..2026-08 (32m);32/32;643.47;2026-08;Sin Segmento;BD=0 (Sin Segmento) vs .sav S1-S5
0390027923001;COAC.  DE LA PEQUEÑA EMPRESA BIBLIAN LIMITADA;COAC___DE_LA_PEQUENA_EMPRESA_BIBLIAN_LIMITADA;si;0;Sin Segmento;S1;S1: 2024-01..2026-08 (32m);32/32;609.18;2026-08;Sin Segmento;BD=0 (Sin Segmento) vs .sav S1-S5
1090033456001;COAC.  ATUNTAQUI LIMITADA;COAC___ATUNTAQUI_LIMITADA;si;0;Sin Segmento;S1;S1: 2024-01..2026-08 (32m);32/32;532.59;2026-08;Sin Segmento;BD=0 (Sin Segmento) vs .sav S1-S5
1891709591001;COAC.  AMBATO LTDA;COAC___AMBATO_LTDA;si;2;Segmento 2;S1;S1: 2024-01..2026-08 (32m);32/32;506.77;2026-08;Segmento 2;segmento distinto
1891710328001;COAC.  CHIBULEO LIMITADA;COAC___CHIBULEO_LIMITADA;si;2;Segmento 2;S1;S1: 2024-01..2026-08 (32m);32/32;489.29;2026-08;Segmento 2;segmento distinto
1190068389001;COAC.  VICENTINA MANUEL ESTEBAN GODOY ORTEGA LIMITADA;COAC___VICENTINA_MANUEL_ESTEBAN_GODOY_ORTEGA_LIMITADA;si;0;Sin Segmento;S1;S1: 2024-01..2026-08 (32m);32/32;488.04;2026-08;Sin Segmento;BD=0 (Sin Segmento) vs .sav S1-S5
1790093204001;COAC.  23 DE JULIO LIMITADA;COAC___23_DE_JULIO_LIMITADA;si;0;Sin Segmento;S1;S1: 2024-01..2026-08 (32m);32/32;451.06;2026-08;Sin Segmento;BD=0 (Sin Segmento) vs .sav S1-S5
0490002669001;COAC.  TULCAN LIMITADA;COAC___TULCAN_LIMITADA;si;0;Sin Segmento;S1;S1: 2024-01..2026-08 (32m);32/32;429.25;2026-08;Sin Segmento;BD=0 (Sin Segmento) vs .sav S1-S5
1890037646001;COAC.  EL SAGRARIO LTDA;COAC___EL_SAGRARIO_LTDA;si;0;Sin Segmento;S1;S1: 2024-01..2026-08 (32m);32/32;394.2;2026-08;Sin Segmento;BD=0 (Sin Segmento) vs .sav S1-S5
1891710255001;COAC.  KULLKI WASI LTDA;COAC___KULLKI_WASI_LTDA;si;2;Segmento 2;S1;S1: 2024-01..2026-08 (32m);32/32;367.5;2026-08;Segmento 2;segmento distinto
1690012606001;COAC.  DE LA PEQUEÑA EMPRESA DE PASTAZA LIMITADA;COAC___DE_LA_PEQUENA_EMPRESA_DE_PASTAZA_LIMITADA;si;0;Sin Segmento;S1;S1: 2024-01..2026-08 (32m);32/32;362.3;2026-08;Sin Segmento;BD=0 (Sin Segmento) vs .sav S1-S5
0490001883001;COAC.  PABLO MUÑOZ VEGA LIMITADA;COAC___PABLO_MUNOZ_VEGA_LIMITADA;si;0;Sin Segmento;S1;S1: 2024-01..2026-08 (32m);32/32;361.96;2026-08;Sin Segmento;BD=0 (Sin Segmento) vs .sav S1-S5
0290003288001;COAC.  SAN JOSE LIMITADA;COAC___SAN_JOSE_LIMITADA;si;0;Sin Segmento;S1;S1: 2024-01..2026-08 (32m);32/32;305.49;2026-08;Sin Segmento;BD=0 (Sin Segmento) vs .sav S1-S5
0190024733001;COAC.  ERCO LIMITADA;COAC___ERCO_LIMITADA;si;2;Segmento 2;S1;S1: 2024-01..2026-08 (32m);32/32;299.79;2026-08;Segmento 2;segmento distinto
0190158977001;COAC.  CREA LIMITADA EN LIQUIDACION;;no;3;Segmento 3;S1;S1: 2024-01..2025-08 (19m);19/19;252.04;2025-08;;segmento distinto
1390089410001;COAC.  COMERCIO LTDA;COAC___COMERCIO_LTDA;si;0;Sin Segmento;S1;S1: 2024-01..2026-08 (32m);32/32;199.14;2026-08;Sin Segmento;BD=0 (Sin Segmento) vs .sav S1-S5
1890142679001;COAC.  INDIGENA SAC LTDA;COAC___INDIGENA_SAC_LTDA;si;2;Segmento 2;S1;S1: 2024-01..2026-08 (32m);32/32;196.22;2026-08;Segmento 2;segmento distinto
1190015110001;COAC.  PADRE JULIAN LORENTE LTDA;COAC___PADRE_JULIAN_LORENTE_LTDA;si;0;Sin Segmento;S1;S1: 2024-01..2026-08 (32m);32/32;187.33;2026-08;Sin Segmento;BD=0 (Sin Segmento) vs .sav S1-S5
1390007791001;COAC.  CHONE LTDA;COAC___CHONE_LTDA;si;0;Sin Segmento;S1;S1: 2024-01..2026-08 (32m);32/32;183.8;2026-08;Sin Segmento;BD=0 (Sin Segmento) vs .sav S1-S5
0790024656001;COAC.  SANTA ROSA LIMITADA;COAC___SANTA_ROSA_LIMITADA;si;0;Sin Segmento;S1;S1: 2024-01..2026-08 (32m);32/32;178.75;2026-08;Sin Segmento;BD=0 (Sin Segmento) vs .sav S1-S5
0190087603001;COAC.  ALFONSO JARAMILLO LEON CAJA;COAC___ALFONSO_JARAMILLO_LEON_CAJA;si;2;Segmento 2;S1;S1: 2024-01..2026-08 (32m);32/32;177.12;2026-08;Segmento 2;segmento distinto
1490005710001;COAC.  DE LA PEQUEÑA EMPRESA GUALAQUIZA;COAC___DE_LA_PEQUENA_EMPRESA_GUALAQUIZA;si;2;Segmento 2;S1;S1: 2024-01..2026-08 (32m);32/32;172.84;2026-08;Segmento 2;segmento distinto
0391005664001;COAC.  YUYAY LTDA;COAC___YUYAY_LTDA;si;3;Segmento 3;S2;S2: 2024-01..2026-08 (32m);32/32;165.8;2026-08;Segmento 3;segmento distinto
0190021769001;COAC.  LA MERCED LIMITADA;COAC___LA_MERCED_LIMITADA;si;2;Segmento 2;S1;S1: 2024-01..2026-08 (32m);32/32;161.54;2026-08;Segmento 2;segmento distinto
0591711164001;COAC.  VIRGEN DEL CISNE;COAC___VIRGEN_DEL_CISNE;si;3;Segmento 3;S1;S1: 2024-01..2026-08 (32m);32/32;154.91;2026-08;Segmento 3;segmento distinto
0790015002001;COAC.  ONCE DE JUNIO LTDA;COAC___ONCE_DE_JUNIO_LTDA;si;0;Sin Segmento;S1;S1: 2024-01..2026-08 (32m);32/32;150.17;2026-08;Sin Segmento;BD=0 (Sin Segmento) vs .sav S1-S5
1091732935001;COAC.  ACCION IMBABURAPAK LTDA;COAC___ACCION_IMBABURAPAK_LTDA;si;3;Segmento 3;S2;S2: 2024-01..2026-08 (32m);32/32;144.09;2026-08;Segmento 3;segmento distinto
1390013678001;COAC.  15 DE ABRIL LTDA;COAC___15_DE_ABRIL_LTDA;si;0;Sin Segmento;S1;S1: 2024-01..2026-08 (31m);31/31;138.21;2026-08;Sin Segmento;BD=0 (Sin Segmento) vs .sav S1-S5
1190075539001;COAC.  DE LA PEQUEÑA EMPRESA CACPE LOJA LTDA;COAC___DE_LA_PEQUENA_EMPRESA_CACPE_LOJA_LTDA;si;0;Sin Segmento;S1;S1: 2024-01..2026-08 (32m);32/32;129.69;2026-08;Segmento 3;BD=0 (Sin Segmento) vs .sav S1-S5
0590041920001;COAC.  9 DE OCTUBRE LTDA;COAC___9_DE_OCTUBRE_LTDA;si;0;Sin Segmento;S1;S1: 2024-01..2026-08 (32m);32/32;127.05;2026-08;Sin Segmento;BD=0 (Sin Segmento) vs .sav S1-S5
1890080967001;COAC.  CAMARA DE COMERCIO DE AMBATO LTDA EN LIQUIDACION;;no;0;Sin Segmento;S1;S1: 2024-01..2024-10 (10m);10/10;124.95;2024-10;;BD=0 (Sin Segmento) vs .sav S1-S5
1390001920001;COAC.  CALCETA LTDA;COAC___CALCETA_LTDA;si;0;Sin Segmento;S1;S1: 2024-01..2026-08 (32m);32/32;123.38;2026-08;Sin Segmento;BD=0 (Sin Segmento) vs .sav S1-S5
0690075113001;COAC.  LUCHA CAMPESINA;COAC___LUCHA_CAMPESINA;si;3;Segmento 3;S1;"S2: 2024-01..2025-03 (15m); S1: 2025-04..2026-08 (17m)";32/32;120.56;2026-08;Segmento 3;"segmento cambia en el .sav; BD fijo"
0190327949001;COAC.  PROVIDA LTDA;COAC___PROVIDA_LTDA;si;3;Segmento 3;S2;S2: 2024-01..2026-08 (32m);32/32;103.21;2026-08;Segmento 3;segmento distinto
1792076773001;COAC.  MANANTIAL DE ORO LTDA;COAC___MANANTIAL_DE_ORO_LTDA;si;3;Segmento 3;S2;S2: 2024-01..2026-08 (32m);32/32;97.27;2026-08;Segmento 3;segmento distinto
1990007019001;COAC.  DE LA PEQUEÑA EMPRESA CACPE YANTZAZA LTDA;COAC___DE_LA_PEQUENA_EMPRESA_CACPE_YANTZAZA_LTDA;si;3;Segmento 3;S2;S2: 2024-01..2026-08 (32m);32/32;94.72;2026-08;Segmento 3;segmento distinto
1290068068001;COAC.  SAN ANTONIO LTDA LOS RÍOS;COAC___SAN_ANTONIO_LTDA_LOS_RIOS;si;3;Segmento 3;S2;S2: 2024-01..2026-08 (32m);32/32;94.27;2026-08;Segmento 3;segmento distinto
1791847644001;COAC.  LUZ DEL VALLE;COAC___LUZ_DEL_VALLE;si;2;Segmento 2;S2;"S1: 2024-01..2024-03 (3m); S2: 2024-04..2026-08 (29m)";3/32;93.09;2026-08;Segmento 2;"segmento cambia en el .sav; BD fijo"
1790045668001;COAC.  SAN FRANCISCO DE ASIS LTDA;COAC___SAN_FRANCISCO_DE_ASIS_LTDA;si;0;Sin Segmento;S2;S2: 2024-01..2026-08 (32m);32/32;93.09;2026-08;Sin Segmento;BD=0 (Sin Segmento) vs .sav S1-S5
0290001269001;COAC.  GUARANDA LTDA;COAC___GUARANDA_LTDA;si;0;Sin Segmento;S1;"S2: 2024-01..2026-03 (27m); S1: 2026-04..2026-08 (5m)";32/32;86.78;2026-08;Sin Segmento;BD=0 (Sin Segmento) vs .sav S1-S5
1791280156001;COAC.  PREVISION AHORRO Y DESAROLLO LTDA;COAC___PREVISION_AHORRO_Y_DESAROLLO_LTDA;si;0;Sin Segmento;S2;S2: 2024-01..2026-08 (32m);32/32;83.96;2026-08;Sin Segmento;BD=0 (Sin Segmento) vs .sav S1-S5
1891708358001;COAC.  MAQUITA CUSHUN LTDA;COAC___MAQUITA_CUSHUN_LTDA;si;3;Segmento 3;S2;S2: 2024-01..2026-08 (32m);32/32;82.21;2026-08;Segmento 3;segmento distinto
0691702324001;COAC.  4 DE OCTUBRE;COAC___4_DE_OCTUBRE;si;3;Segmento 3;S2;S2: 2024-01..2026-08 (32m);32/32;81.56;2026-08;Segmento 3;segmento distinto
1891743005001;COAC.  CREDI YA LTDA;COAC___CREDI_YA_LTDA;si;3;Segmento 3;S2;S2: 2024-01..2026-08 (32m);32/32;80.51;2026-08;Segmento 3;segmento distinto
1891710581001;COAC.  VENCEDORES LTDA;COAC___VENCEDORES_LTDA;si;3;Segmento 3;S2;S2: 2024-01..2026-08 (32m);32/32;78.61;2026-08;Segmento 3;segmento distinto
0992280700001;COAC.  HUANCAVILCA LTDA;COAC___HUANCAVILCA_LTDA;si;3;Segmento 3;S2;S2: 2024-01..2026-08 (32m);32/32;72.96;2026-08;Segmento 3;segmento distinto
1790892670001;COAC.  PEDRO MONCAYO LTDA;COAC___PEDRO_MONCAYO_LTDA;si;3;Segmento 3;S2;S2: 2024-01..2026-08 (32m);32/32;72.77;2026-08;Segmento 3;segmento distinto
1790586863001;COAC.  ALIANZA MINAS LTDA;COAC___ALIANZA_MINAS_LTDA;si;3;Segmento 3;S2;S2: 2024-01..2026-08 (32m);32/32;69.74;2026-08;Segmento 3;segmento distinto
0690074761001;COAC.  MINGA LTDA;COAC___MINGA_LTDA;si;3;Segmento 3;S2;S2: 2024-01..2026-08 (32m);32/32;68.69;2026-08;Segmento 3;segmento distinto
0591719718001;COAC.  VISION DE LOS ANDES VIS ANDES;COAC___VISION_DE_LOS_ANDES_VIS_ANDES;si;3;Segmento 3;S2;S2: 2024-01..2026-08 (32m);32/32;66.57;2026-08;Segmento 3;segmento distinto
1891744214001;COAC.  SISA;COAC___SISA;si;3;Segmento 3;S2;S2: 2024-01..2026-08 (32m);32/32;65.23;2026-08;Segmento 3;segmento distinto
0490007458001;COAC.  EDUCADORES TULCAN LTDA;COAC___EDUCADORES_TULCAN_LTDA;si;3;Segmento 3;S2;S2: 2024-01..2026-08 (32m);32/32;64.27;2026-08;Segmento 3;segmento distinto
1390091474001;COAC.  SANTA ANA LTDA;COAC___SANTA_ANA_LTDA;si;0;Sin Segmento;S2;S2: 2024-01..2026-08 (32m);32/32;64.08;2026-08;Sin Segmento;BD=0 (Sin Segmento) vs .sav S1-S5
1090046892001;COAC.  SAN ANTONIO LTDA - IMBABURA;COAC___SAN_ANTONIO_LTDA___IMBABURA;si;3;Segmento 3;S2;S2: 2024-01..2026-08 (31m);31/31;63.78;2026-08;Segmento 3;segmento distinto
0190316319001;COAC.  FASAYÑAN LTDA;COAC___FASAYNAN_LTDA;si;3;Segmento 3;S2;S2: 2024-01..2026-08 (32m);32/32;61.84;2026-08;Segmento 3;segmento distinto
1891735002001;COAC.  CREDIL LTDA;COAC___CREDIL_LTDA;si;3;Segmento 3;S2;S2: 2024-01..2026-08 (32m);32/32;60.25;2026-08;Segmento 3;segmento distinto
0591713094001;COAC.  ANDINA LTDA;COAC___ANDINA_LTDA;si;3;Segmento 3;S2;S2: 2024-01..2026-08 (32m);32/32;59.12;2026-08;Segmento 3;segmento distinto
1891725910001;COAC.  SUMAK SAMY LTDA;COAC___SUMAK_SAMY_LTDA;si;3;Segmento 3;S2;"S3: 2024-01..2024-03 (3m); S2: 2024-04..2026-08 (29m)";29/32;57.45;2026-08;Segmento 3;"segmento cambia en el .sav; BD fijo"
0591711563001;COAC.  SUMAK KAWSAY LTDA;COAC___SUMAK_KAWSAY_LTDA;si;3;Segmento 3;S2;S2: 2024-01..2026-08 (32m);32/32;56.97;2026-08;Segmento 3;segmento distinto
1790023508001;COAC.  COTOCOLLAO LTDA;COAC___COTOCOLLAO_LTDA;si;0;Sin Segmento;S2;S2: 2024-01..2026-08 (32m);32/32;56.88;2026-08;Sin Segmento;BD=0 (Sin Segmento) vs .sav S1-S5
1390143156001;COAC.  LA BENEFICA LTDA;COAC___LA_BENEFICA_LTDA;si;3;Segmento 3;S2;S2: 2024-01..2026-08 (32m);32/32;52.96;2026-08;Segmento 3;segmento distinto
1791306589001;COAC.  CORPORACION CENTRO LTDA;COAC___CORPORACION_CENTRO_LTDA;si;3;Segmento 3;S2;S2: 2024-01..2026-08 (32m);32/32;48.44;2026-08;Segmento 3;segmento distinto
0590024937001;COAC.  FINANZAS CORPORATIVAS LTDA;COAC___FINANZAS_CORPORATIVAS_LTDA;si;3;Segmento 3;S2;S2: 2024-01..2026-08 (32m);32/32;47.59;2026-08;Segmento 3;segmento distinto
1790890864001;COAC.  PUELLARO LTDA;COAC___PUELLARO_LTDA;si;3;Segmento 3;S2;S2: 2024-01..2026-08 (32m);32/32;46.52;2026-08;Segmento 3;segmento distinto
0690002744001;COAC.  EDUCADORES DE CHIMBORAZO LTDA;COAC___EDUCADORES_DE_CHIMBORAZO_LTDA;si;3;Segmento 3;S2;S2: 2024-01..2026-08 (32m);32/32;43.54;2026-08;Segmento 3;segmento distinto
0190317625001;COAC.  SEÑOR DE GIRON;COAC___SENOR_DE_GIRON;si;3;Segmento 3;S2;S2: 2024-01..2026-08 (32m);32/32;43.53;2026-08;Segmento 3;segmento distinto
1090058521001;COAC.  UNION EL EJIDO;COAC___UNION_EL_EJIDO;si;3;Segmento 3;S2;S2: 2024-01..2026-08 (32m);32/32;42.78;2026-08;Segmento 3;segmento distinto
1590001585001;COAC.  TENA LTDA;COAC___TENA_LTDA;si;3;Segmento 3;S2;S2: 2024-01..2026-08 (32m);32/32;39.89;2026-08;Segmento 3;segmento distinto
1791928083001;COAC.  HUAICANA LTDA;COAC___HUAICANA_LTDA;si;3;Segmento 3;S2;S2: 2024-01..2026-08 (32m);32/32;39.86;2026-08;Segmento 3;segmento distinto
0490009124001;COAC.  SAN GABRIEL LTDA;COAC___SAN_GABRIEL_LTDA;si;3;Segmento 3;S2;S2: 2024-01..2026-08 (32m);32/32;37.54;2026-08;Segmento 3;segmento distinto
1891721591001;COAC.  KISAPINCHA LTDA;COAC___KISAPINCHA_LTDA;si;3;Segmento 3;S2;"S3: 2024-01..2024-03 (3m); S2: 2024-04..2026-08 (29m)";29/32;36.41;2026-08;Segmento 3;"segmento cambia en el .sav; BD fijo"
1791367359001;COAC.  SAN MIGUEL DE LOS BANCOS LTDA;COAC___SAN_MIGUEL_DE_LOS_BANCOS_LTDA;si;3;Segmento 3;S2;S2: 2024-01..2026-08 (32m);32/32;34.95;2026-08;Segmento 3;segmento distinto
1790499871001;COAC.  16 DE JULIO LTDA;COAC___16_DE_JULIO_LTDA;si;3;Segmento 3;S2;S2: 2024-01..2026-08 (32m);32/32;34.91;2026-08;Segmento 3;segmento distinto
1790641392001;COAC.  POLITECNICA LTDA;COAC___POLITECNICA_LTDA;si;3;Segmento 3;S2;S2: 2024-01..2026-08 (32m);32/32;34.31;2026-08;Segmento 3;segmento distinto
0591719009001;COAC.  SIERRA CENTRO LTDA;COAC___SIERRA_CENTRO_LTDA;si;3;Segmento 3;S2;S2: 2024-01..2026-08 (31m);31/31;33.29;2026-08;Segmento 3;segmento distinto
1891721796001;COAC.  ACCION TUNGURAHUA LTDA;COAC___ACCION_TUNGURAHUA_LTDA;si;3;Segmento 3;S2;S2: 2024-01..2026-08 (32m);32/32;33.28;2026-08;Segmento 3;segmento distinto
1791784979001;COAC.  FONDO PARA EL DESARROLLO Y LA VIDA;COAC___FONDO_PARA_EL_DESARROLLO_Y_LA_VIDA;si;3;Segmento 3;S2;S2: 2024-01..2026-08 (32m);32/32;32.39;2026-08;Segmento 3;segmento distinto
1191725669001;COAC.  CREDIAMIGO LTDA;COAC___CREDIAMIGO_LTDA;si;3;Segmento 3;S2;S2: 2024-01..2026-08 (32m);32/32;31.93;2026-08;Segmento 3;segmento distinto
0591720783001;COAC.  SEÑOR DEL ARBOL;;no;4;Segmento 4;SE;"S4: 2024-01..2025-12 (24m); SE: 2026-01..2026-08 (8m)";8/32;29.57;2026-08;;"segmento cambia en el .sav; BD fijo"
1890049369001;COAC.  EDUCADORES DE TUNGURAHUA LTDA;COAC___EDUCADORES_DE_TUNGURAHUA_LTDA;si;3;Segmento 3;S2;S2: 2024-01..2026-08 (32m);32/32;29.41;2026-08;Segmento 3;segmento distinto
1891745571001;COAC.  INTERANDINA;COAC___INTERANDINA;si;3;Segmento 3;S2;S2: 2024-01..2026-08 (32m);32/32;29.32;2026-08;Segmento 3;segmento distinto
1391707363001;COAC.  MICROEMPRESARIAL SUCRE;COAC___MICROEMPRESARIAL_SUCRE;si;3;Segmento 3;S2;"S3: 2024-01..2024-03 (3m); S2: 2024-04..2026-08 (29m)";29/32;29.32;2026-08;Segmento 3;"segmento cambia en el .sav; BD fijo"
0190160459001;COAC.  MULTIEMPRESARIAL;COAC___MULTIEMPRESARIAL;si;3;Segmento 3;S2;"S3: 2024-01..2024-03 (3m); S2: 2024-04..2026-08 (29m)";29/32;28.55;2026-08;Segmento 3;"segmento cambia en el .sav; BD fijo"
0590061123001;COAC.  FUTURO LAMANENSE;COAC___FUTURO_LAMANENSE;si;3;Segmento 3;S2;"S3: 2024-01..2025-03 (15m); S2: 2025-04..2026-08 (17m)";17/32;28.21;2026-08;Segmento 3;"segmento cambia en el .sav; BD fijo"
0290035260001;COAC.  LAS NAVES LTDA;COAC___LAS_NAVES_LTDA;si;3;Segmento 3;S2;"S3: 2024-01..2025-03 (15m); S2: 2025-04..2026-08 (17m)";17/32;27.77;2026-08;Segmento 3;"segmento cambia en el .sav; BD fijo"
0691730573001;COAC.  NIZAG LTDA;;no;4;Segmento 4;NI;"S4: 2024-01..2025-12 (24m); NI: 2026-01..2026-07 (7m)";7/31;25.75;2026-07;;"segmento cambia en el .sav; BD fijo"
1891742904001;COAC.  ANGAHUANA;COAC___ANGAHUANA;si;5;Segmento 5;S3;S3: 2024-04..2026-08 (29m);29/29;25.1;2026-08;Segmento 5;segmento distinto
1891716385001;COAC.  SAN MARTIN DE TISALEO LTDA;COAC___SAN_MARTIN_DE_TISALEO_LTDA;si;3;Segmento 3;S2;"S3: 2024-01..2026-03 (26m); S2: 2026-04..2026-08 (5m)";5/31;23.67;2026-08;Segmento 3;"segmento cambia en el .sav; BD fijo"
1090078263001;COAC.  DE INDIGENAS CHUCHUQUI LTDA;COAC___DE_INDIGENAS_CHUCHUQUI_LTDA;si;3;Segmento 3;S2;"S3: 2024-01..2024-03 (3m); S2: 2024-04..2026-08 (29m)";29/32;22.84;2026-08;Segmento 3;"segmento cambia en el .sav; BD fijo"
0591718878001;COAC.  INTEGRACION SOLIDARIA LTDA;;no;4;Segmento 4;IN;"S4: 2024-01..2025-12 (24m); IN: 2026-01..2026-08 (8m)";8/32;22.51;2026-08;;"segmento cambia en el .sav; BD fijo"
0390000804001;COAC.  CAÑAR LTDA;COAC___CANAR_LTDA;si;3;Segmento 3;S2;"S3: 2024-01..2026-03 (27m); S2: 2026-04..2026-08 (5m)";5/32;22.18;2026-08;Segmento 3;"segmento cambia en el .sav; BD fijo"
1891724558001;COAC.  INTELIGENCIA DE NEGOCIOS LTDA;;no;5;Segmento 5;S3;S3: 2024-04..2026-01 (22m);22/22;21.84;2026-01;;segmento distinto
1091708139001;COAC.  SANTA ANITA LTDA;COAC___SANTA_ANITA_LTDA;si;3;Segmento 3;S2;"S3: 2024-01..2026-03 (27m); S2: 2026-04..2026-08 (5m)";5/32;21.05;2026-08;Segmento 3;"segmento cambia en el .sav; BD fijo"
0990138850001;COAC.  LA DOLOROSA LTDA;COAC___LA_DOLOROSA_LTDA;si;0;Sin Segmento;S3;S3: 2024-01..2026-08 (32m);32/32;20.58;2026-08;Sin Segmento;BD=0 (Sin Segmento) vs .sav S1-S5
1891724787001;COAC.  CREDI FACIL LTDA;COAC___CREDI_FACIL_LTDA;si;4;Segmento 4;S3;S3: 2024-01..2026-08 (32m);32/32;20.55;2026-08;Segmento 4;segmento distinto
0291500994001;COAC.  SIMIATUG LIMITADA;COAC___SIMIATUG_LIMITADA;si;4;Segmento 4;S3;"S4: 2024-01..2024-03 (3m); S3: 2024-04..2026-08 (27m)";27/30;19.77;2026-08;Segmento 4;"segmento cambia en el .sav; BD fijo"
1891745687001;COAC.  CREDIMAS;COAC___CREDIMAS;si;3;Segmento 3;S3;"S3: 2024-01..2026-08 (31m); S4: 2024-03..2024-03 (1m)";1/32;19.17;2026-08;Segmento 3;"segmento cambia en el .sav; BD fijo"
0691729281001;COAC.  CHUNCHI LTDA;COAC___CHUNCHI_LTDA;si;4;Segmento 4;S3;"S3: 2024-01..2026-08 (31m); S4: 2024-03..2024-03 (1m)";31/32;18.76;2026-08;Segmento 4;"segmento cambia en el .sav; BD fijo"
1891713750001;COAC.  CREDIAMBATO LTDA;COAC___CREDIAMBATO_LTDA;si;3;Segmento 3;S3;"S3: 2024-01..2026-08 (31m); S4: 2024-03..2024-03 (1m)";1/32;18.75;2026-08;Segmento 3;"segmento cambia en el .sav; BD fijo"
0690075636001;COAC.  27 DE NOVIEMBRE;;no;4;Segmento 4;27;"S4: 2024-02..2025-12 (23m); 27: 2026-01..2026-08 (8m)";8/31;18.55;2026-08;;"segmento cambia en el .sav; BD fijo"
1091761439001;COAC.  RURAL SIERRA NORTE;COAC___RURAL_SIERRA_NORTE;si;3;Segmento 3;S3;"S3: 2024-01..2026-08 (31m); S4: 2024-03..2024-03 (1m)";1/32;18.32;2026-08;Segmento 3;"segmento cambia en el .sav; BD fijo"
1891724914001;COAC.  VALLES DEL LIRIO AICEP;;no;4;Segmento 4;VA;"S4: 2024-02..2025-12 (20m); VA: 2026-01..2026-08 (8m)";8/28;17.91;2026-08;;"segmento cambia en el .sav; BD fijo"
1891720978001;COAC.  CAMPESINA COOPAC;COAC___CAMPESINA_COOPAC;si;3;Segmento 3;S3;"S3: 2024-01..2026-08 (29m); S4: 2024-03..2024-03 (1m)";1/30;16.76;2026-08;Segmento 3;"segmento cambia en el .sav; BD fijo"
0391012911001;COAC.  ACHIK INTI LTDA;;no;4;Segmento 4;AC;"S4: 2024-01..2025-12 (24m); AC: 2026-01..2026-07 (7m)";7/31;13.4;2026-07;;"segmento cambia en el .sav; BD fijo"
1891739113001;COAC.  PRODUCCION AHORRO INVERSION SERVICIO PAIS LTDA;COAC___PRODUCCION_AHORRO_INVERSION_SERVICIO_PAIS_LTDA;si;4;Segmento 4;S3;"S4: 2024-01..2025-03 (14m); S3: 2025-04..2026-08 (17m)";17/31;12.66;2026-08;Segmento 4;"segmento cambia en el .sav; BD fijo"
1792060559001;COAC.  EL MOLINO LIMITADA;COAC___EL_MOLINO_LIMITADA;si;4;Segmento 4;S3;"S4: 2024-01..2024-03 (3m); S3: 2024-04..2026-08 (27m)";27/30;12.65;2026-08;Segmento 4;"segmento cambia en el .sav; BD fijo"
0190344169001;COAC.  DEL AZUAY;COAC___DEL_AZUAY;si;4;Segmento 4;S3;S3: 2024-01..2026-08 (32m);32/32;11.5;2026-08;Segmento 4;segmento distinto
1891727565001;COAC.  WARMIKUNAPAK RIKCHARI LTDA;;no;4;Segmento 4;WA;"S4: 2024-02..2025-12 (21m); WA: 2026-01..2026-08 (8m)";8/29;11.44;2026-08;;"segmento cambia en el .sav; BD fijo"
0190375811001;COAC.  CORPUCOOP LTDA;COAC___CORPUCOOP_LTDA;si;4;Segmento 4;S3;"S3: 2024-01..2026-08 (30m); S4: 2024-03..2024-03 (1m)";30/31;10.7;2026-08;Segmento 4;"segmento cambia en el .sav; BD fijo"
1191736423001;COAC.  SARAGUROS;COAC___SARAGUROS;si;4;Segmento 4;S3;"S4: 2024-01..2025-03 (15m); S3: 2025-04..2026-08 (17m)";17/32;10.16;2026-08;Segmento 4;"segmento cambia en el .sav; BD fijo"
0591715356001;COAC.  SANTA ROSA DE PATUTAN LTDA;;no;4;Segmento 4;SA;"S4: 2024-01..2025-12 (23m); SA: 2026-01..2026-08 (8m)";8/31;10.03;2026-08;;"segmento cambia en el .sav; BD fijo"
1791708288001;COAC.  UNIVERSIDAD CATOLICA DEL ECUADOR;COAC___UNIVERSIDAD_CATOLICA_DEL_ECUADOR;si;3;Segmento 3;S3;"S3: 2024-01..2026-08 (30m); S4: 2024-03..2024-03 (1m)";1/31;9.9;2026-08;Segmento 3;"segmento cambia en el .sav; BD fijo"
0591714821001;COAC.  PUCARA LTDA;COAC___PUCARA_LTDA;si;4;Segmento 4;S3;"S4: 2024-01..2025-03 (15m); S3: 2025-04..2026-08 (16m)";16/31;9.87;2026-08;Segmento 4;"segmento cambia en el .sav; BD fijo"
1891726763001;COAC.  INDIGENA SAC PILLARO LTDA;COAC___INDIGENA_SAC_PILLARO_LTDA;si;4;Segmento 4;S3;"S3: 2024-04..2026-08 (28m); S4: 2024-08..2024-08 (1m)";28/29;9.44;2026-08;Segmento 4;"segmento cambia en el .sav; BD fijo"
1891706347001;COAC.  1 DE JULIO;;no;3;Segmento 3;1;"S3: 2024-01..2024-03 (3m); S4: 2024-04..2025-12 (19m); 1: 2026-01..2026-08 (8m)";27/30;9.08;2026-08;;"segmento cambia en el .sav; BD fijo"
0591714090001;COAC.  INNOVACION ANDINA LTDA;;no;4;Segmento 4;IN;"S4: 2024-01..2025-12 (24m); IN: 2026-01..2026-08 (8m)";8/32;8.6;2026-08;;"segmento cambia en el .sav; BD fijo"
1792042518001;COAC.  ESPERANZA DEL FUTURO LTDA;COAC___ESPERANZA_DEL_FUTURO_LTDA;si;4;Segmento 4;S3;S3: 2024-01..2026-08 (31m);31/31;8.44;2026-08;Segmento 4;segmento distinto
1391769504001;COAC.  CAMARA DE COMERCIO EL CARMEN LTDA;;no;4;Segmento 4;CA;"S4: 2024-01..2025-12 (23m); CA: 2026-01..2026-08 (8m)";8/31;8.4;2026-08;;"segmento cambia en el .sav; BD fijo"
0591721372001;COAC.  ACHIK ÑAN;;no;4;Segmento 4;AC;"S4: 2024-04..2025-12 (15m); AC: 2026-01..2026-07 (7m)";7/22;8.4;2026-07;;"segmento cambia en el .sav; BD fijo"
0591700340001;COAC.  LA MANA;;no;4;Segmento 4;CA;"S4: 2024-01..2025-12 (22m); CA: 2026-01..2026-08 (8m)";8/30;8.23;2026-08;;"segmento cambia en el .sav; BD fijo"
1792205239001;COAC.  ALLI TARPUK LTDA;;no;4;Segmento 4;AL;"S4: 2024-01..2025-12 (23m); AL: 2026-01..2026-08 (8m)";8/31;8.08;2026-08;;"segmento cambia en el .sav; BD fijo"
0391008558001;COAC.  SAN MARCOS;COAC___SAN_MARCOS;si;4;Segmento 4;S3;S3: 2024-01..2026-08 (32m);32/32;7.99;2026-08;Segmento 4;segmento distinto
1891710859001;COAC.  REY DAVID LTDA;;no;4;Segmento 4;RE;"S4: 2024-01..2025-12 (24m); RE: 2026-01..2026-08 (8m)";8/32;7.87;2026-08;;"segmento cambia en el .sav; BD fijo"
1891726496001;COAC.  MI TIERRA LTDA;;no;4;Segmento 4;MI;"S4: 2024-01..2025-12 (22m); MI: 2026-01..2026-08 (8m)";8/30;7.69;2026-08;;"segmento cambia en el .sav; BD fijo"
1191726460001;COAC.  CARIAMANGA LTDA;;no;5;Segmento 5;S4;S4: 2025-07..2025-07 (1m);1/1;7.67;2025-07;;segmento distinto
1191720624001;COAC.  DE LA CAMARA DE COMERCIO DE GONZANAMA;COAC___DE_LA_CAMARA_DE_COMERCIO_DE_GONZANAMA;si;4;Segmento 4;S3;"S4: 2024-01..2025-03 (14m); S3: 2025-04..2026-08 (17m)";17/31;7.66;2026-08;Segmento 4;"segmento cambia en el .sav; BD fijo"
0190096076001;COAC.  SIDETAMC;COAC___SIDETAMC;si;3;Segmento 3;S3;"S3: 2024-01..2026-08 (29m); S4: 2024-03..2024-03 (1m)";1/30;7.18;2026-08;Segmento 3;"segmento cambia en el .sav; BD fijo"
1391714246001;COAC.  AGRICOLA JUNIN;COAC___AGRICOLA_JUNIN;si;4;Segmento 4;S3;"S4: 2024-01..2025-03 (15m); S3: 2025-04..2026-08 (17m)";17/32;7.11;2026-08;Segmento 4;"segmento cambia en el .sav; BD fijo"
1792116449001;COAC.  17 DE MARZO LIMITADA;COAC___17_DE_MARZO_LIMITADA;si;4;Segmento 4;S3;"S4: 2024-01..2024-03 (3m); S3: 2024-04..2026-08 (29m)";29/32;7.09;2026-08;Segmento 4;"segmento cambia en el .sav; BD fijo"
1792230977001;COAC.  COOPARTAMOS LTDA;;no;4;Segmento 4;CO;"S4: 2024-01..2025-12 (22m); CO: 2026-01..2026-08 (8m)";8/30;6.81;2026-08;;"segmento cambia en el .sav; BD fijo"
1791808673001;COAC.  LA NUEVA JERUSALEN;;no;4;Segmento 4;LA;"S4: 2024-01..2025-12 (24m); LA: 2026-01..2026-08 (8m)";8/32;6.25;2026-08;;"segmento cambia en el .sav; BD fijo"
1190035863001;COAC.  CATAMAYO;;no;4;Segmento 4;CA;"S4: 2024-01..2025-12 (24m); CA: 2026-01..2026-08 (8m)";8/32;6.17;2026-08;;"segmento cambia en el .sav; BD fijo"
1191736938001;COAC.  SOLIDARIA LTDA;;no;4;Segmento 4;SO;"S4: 2024-01..2025-12 (23m); SO: 2026-01..2026-08 (8m)";8/31;6.05;2026-08;;"segmento cambia en el .sav; BD fijo"
1891726828001;COAC.  INDIGENA SAC LATACUNGA LTDA;;no;4;Segmento 4;IN;"S4: 2024-01..2025-12 (23m); IN: 2026-01..2026-08 (8m)";8/31;5.91;2026-08;;"segmento cambia en el .sav; BD fijo"
0591723286001;COAC.  LIDERES DEL PROGRESO;;no;4;Segmento 4;LI;"S4: 2024-01..2025-12 (21m); LI: 2026-01..2026-07 (7m)";7/28;5.74;2026-07;;"segmento cambia en el .sav; BD fijo"
1191723089001;COAC.  QUILANGA LTDA;;no;4;Segmento 4;QU;"S4: 2024-01..2025-12 (23m); QU: 2026-01..2026-08 (8m)";8/31;5.6;2026-08;;"segmento cambia en el .sav; BD fijo"
1091724487001;COAC.  PIJAL;;no;4;Segmento 4;PI;"S4: 2024-01..2025-12 (21m); PI: 2026-01..2026-08 (8m)";8/29;5.54;2026-08;;"segmento cambia en el .sav; BD fijo"
0691716074001;COAC.  DIVINO NIÑO;;no;4;Segmento 4;DI;"S4: 2024-01..2025-12 (7m); DI: 2026-08..2026-08 (1m)";1/8;5.51;2026-08;;"segmento cambia en el .sav; BD fijo"
1190015544001;COAC.  OBRAS PUBLICAS FISCALES DE LOJA Y ZAMORA;;no;4;Segmento 4;OB;"S4: 2024-01..2025-12 (24m); OB: 2026-01..2026-08 (8m)";8/32;5.37;2026-08;;"segmento cambia en el .sav; BD fijo"
1790925595001;COAC.  GENERAL ANGEL FLORES LTDA;;no;4;Segmento 4;GE;"S4: 2024-01..2025-10 (8m); GE: 2026-08..2026-08 (1m)";1/9;5.29;2026-08;;"segmento cambia en el .sav; BD fijo"
1790170047001;COAC.  CIUDAD DE QUITO;COAC___CIUDAD_DE_QUITO;si;3;Segmento 3;S3;"S3: 2024-01..2026-08 (30m); S4: 2024-03..2024-08 (2m)";2/32;5.25;2026-08;Segmento 3;"segmento cambia en el .sav; BD fijo"
1391734301001;COAC.  PUERTO LOPEZ LTDA;;no;4;Segmento 4;PU;"S4: 2024-01..2025-12 (22m); PU: 2026-01..2026-08 (8m)";8/30;5.17;2026-08;;"segmento cambia en el .sav; BD fijo"
1791381424001;COAC.  DOCENTES UNIVERSITARIOS;;no;4;Segmento 4;DO;"S4: 2024-01..2025-12 (23m); DO: 2026-01..2026-08 (8m)";8/31;5.04;2026-08;;"segmento cambia en el .sav; BD fijo"
1791307623001;COAC.  NACIONAL LLANO GRANDE LTDA;;no;4;Segmento 4;NA;"S4: 2024-01..2025-12 (20m); NA: 2026-01..2026-08 (8m)";8/28;5.01;2026-08;;"segmento cambia en el .sav; BD fijo"
1291721954001;COAC.  EL PARAISO MANGA DEL CURA;;no;4;Segmento 4;EL;"S4: 2024-01..2025-12 (23m); EL: 2026-01..2026-08 (8m)";8/31;4.97;2026-08;;"segmento cambia en el .sav; BD fijo"
1792311071001;COAC.  SAN VALENTIN;;no;4;Segmento 4;SA;"S4: 2024-01..2025-12 (17m); SA: 2026-01..2026-08 (8m)";8/25;4.86;2026-08;;"segmento cambia en el .sav; BD fijo"
1391710623001;COAC.  POR EL PAN Y EL AGUA;;no;4;Segmento 4;PO;"S4: 2025-12..2025-12 (1m); PO: 2026-08..2026-08 (1m)";1/2;4.85;2026-08;;"segmento cambia en el .sav; BD fijo"
1191708152001;COAC.  DEL SINDICATO DE CHOFERES PROFESIONALES DEL CANTON YANTZAZA;;no;4;Segmento 4;SI;"S4: 2024-01..2025-12 (17m); SI: 2026-01..2026-08 (8m)";8/25;4.8;2026-08;;"segmento cambia en el .sav; BD fijo"
1291731518001;COAC.  LA NUESTRA LTDA;COAC___LA_NUESTRA_LTDA;si;3;Segmento 3;S3;"S3: 2024-01..2026-08 (31m); S4: 2024-03..2024-03 (1m)";1/32;4.77;2026-08;Segmento 3;"segmento cambia en el .sav; BD fijo"
2290313166001;COAC.  MUSHUK KAWSAY LTDA;;no;4;Segmento 4;MU;"S4: 2024-04..2025-12 (21m); MU: 2026-01..2026-08 (8m)";8/29;4.7;2026-08;;"segmento cambia en el .sav; BD fijo"
1191739023001;COAC.  INTICOOP LTDA;;no;4;Segmento 4;IN;"S4: 2024-01..2025-12 (22m); IN: 2026-01..2026-08 (8m)";8/30;4.58;2026-08;;"segmento cambia en el .sav; BD fijo"
1891732429001;COAC.  FOMENTO PARA LA PRODUCCION DE PEQUEÑAS Y MEDIANAS EMPRESAS;;no;4;Segmento 4;FO;"S4: 2024-01..2025-12 (23m); FO: 2026-01..2026-08 (8m)";8/31;4.56;2026-08;;"segmento cambia en el .sav; BD fijo"
1191741559001;COAC.  ECONOMIA DEL SUR ECOSUR;;no;4;Segmento 4;EC;"S4: 2024-01..2025-12 (22m); EC: 2026-01..2026-08 (8m)";8/30;4.49;2026-08;;"segmento cambia en el .sav; BD fijo"
1792021162001;COAC.  CAMARA DE COMERCIO DE SANTO DOMINGO;;no;3;Segmento 3;CA;"S3: 2024-08..2026-03 (20m); CA: 2026-04..2026-08 (5m)";5/25;4.44;2026-08;;"segmento cambia en el .sav; BD fijo"
1891722296001;COAC.  SERVIDORES MUNICIPALES DE AMBATO LTDA;;no;4;Segmento 4;SE;"S4: 2024-01..2025-12 (24m); SE: 2026-01..2026-08 (8m)";8/32;4.43;2026-08;;"segmento cambia en el .sav; BD fijo"
0691702693001;COAC.  EMPRESA ELECTRICA RIOBAMBA;;no;4;Segmento 4;EM;"S4: 2024-01..2025-11 (21m); EM: 2026-02..2026-07 (6m)";6/27;4.41;2026-07;;"segmento cambia en el .sav; BD fijo"
1191708632001;COAC.  SERVIDORES MUNICIPALES DE LOJA LTDA;;no;4;Segmento 4;SE;"S4: 2024-01..2025-12 (23m); SE: 2026-01..2026-08 (8m)";8/31;4.4;2026-08;;"segmento cambia en el .sav; BD fijo"
1792028043001;COAC.  ESPERANZA Y PROGRESO DEL VALLE;;no;4;Segmento 4;ES;"S4: 2024-01..2025-11 (22m); ES: 2026-01..2026-07 (7m)";7/29;4.39;2026-07;;"segmento cambia en el .sav; BD fijo"
1791962648001;COAC.  GESTION PARA EL DESARROLLO;;no;4;Segmento 4;GE;GE: 2026-08..2026-08 (1m);1/1;4.38;2026-08;;segmento distinto
0190325180001;COAC.  SAN JOSE SJ;;no;4;Segmento 4;SA;"S4: 2024-01..2025-12 (23m); SA: 2026-01..2026-08 (8m)";8/31;4.33;2026-08;;"segmento cambia en el .sav; BD fijo"
1291722837001;COAC.  MOCACHE LTDA;;no;4;Segmento 4;MO;"S4: 2025-05..2025-12 (6m); MO: 2026-01..2026-08 (7m)";7/13;4.24;2026-08;;"segmento cambia en el .sav; BD fijo"
0991393994001;COAC.  DE LOS EMPLEADOS DE STANDARD FRUIT COMPAÑY;;no;4;Segmento 4;EM;"S4: 2024-01..2025-12 (23m); EM: 2026-01..2026-08 (8m)";8/31;4.2;2026-08;;"segmento cambia en el .sav; BD fijo"
1390022189001;COAC.  DE LOS PROFESORES EMPLEADOS Y TRABAJADORES DE LA UNIVERSIDAD TECNICA DE MANABI;;no;4;Segmento 4;PR;"S4: 2024-01..2025-12 (24m); PR: 2026-01..2026-08 (8m)";8/32;4.2;2026-08;;"segmento cambia en el .sav; BD fijo"
1391742525001;COAC.  SAN ISIDRO LTDA;;no;4;Segmento 4;SA;"S4: 2024-01..2025-12 (22m); SA: 2026-01..2026-08 (8m)";8/30;4.14;2026-08;;"segmento cambia en el .sav; BD fijo"
1891733719001;COAC.  DORADO LTDA;;no;4;Segmento 4;DO;"S4: 2024-01..2025-12 (22m); DO: 2026-01..2026-07 (7m)";7/29;3.91;2026-07;;"segmento cambia en el .sav; BD fijo"
0290001684001;COAC.  EDUCADORES DE BOLIVAR;;no;4;Segmento 4;ED;"S4: 2024-01..2025-12 (23m); ED: 2026-01..2026-08 (8m)";8/31;3.9;2026-08;;"segmento cambia en el .sav; BD fijo"
0791743915001;COAC.  HUAQUILLAS LTDA;;no;4;Segmento 4;HU;"S4: 2024-01..2025-12 (23m); HU: 2026-01..2026-08 (8m)";8/31;3.88;2026-08;;"segmento cambia en el .sav; BD fijo"
1391775466001;COAC.  LA INMACULADA DE SAN PLACIDO LTDA;;no;4;Segmento 4;IN;"S4: 2024-01..2025-12 (23m); IN: 2026-01..2026-08 (8m)";8/31;3.77;2026-08;;"segmento cambia en el .sav; BD fijo"
1791749200001;COAC.  PUERTO LIMON;;no;4;Segmento 4;PU;"S4: 2024-01..2025-12 (24m); PU: 2026-01..2026-08 (8m)";8/32;3.77;2026-08;;"segmento cambia en el .sav; BD fijo"
0691706583001;COAC.  CAMARA DE COMERCIO INDIGENA DE GUAMOTE LTDA;;no;5;Segmento 5;CA;"S4: 2024-04..2025-12 (20m); CA: 2026-01..2026-08 (8m)";28/28;3.64;2026-08;;"segmento cambia en el .sav; BD fijo"
1792291518001;COAC.  LA CANDELARIA LTDA;;no;4;Segmento 4;LA;"S4: 2025-10..2025-10 (1m); LA: 2026-08..2026-08 (1m)";1/2;3.6;2026-08;;"segmento cambia en el .sav; BD fijo"
0992377488001;COAC.  CONECEL;;no;4;Segmento 4;CO;"S4: 2024-01..2025-12 (22m); CO: 2026-01..2026-07 (7m)";7/29;3.56;2026-07;;"segmento cambia en el .sav; BD fijo"
2390002230001;COAC.  SANTA MARIA DE LA MANGA DEL CURA LTDA;;no;4;Segmento 4;SA;"S4: 2024-01..2025-11 (22m); SA: 2026-03..2026-08 (6m)";6/28;3.55;2026-08;;"segmento cambia en el .sav; BD fijo"
0691728404001;COAC.  USUARIOS DEL AGUA MARIA INMACULADA LTDA;;no;4;Segmento 4;MA;"S4: 2024-01..2025-12 (6m); MA: 2026-08..2026-08 (1m)";1/7;3.54;2026-08;;"segmento cambia en el .sav; BD fijo"
1891737668001;COAC.  PISA LTDA;;no;4;Segmento 4;PI;"S4: 2024-01..2025-12 (24m); PI: 2026-01..2026-08 (8m)";8/32;3.54;2026-08;;"segmento cambia en el .sav; BD fijo"
0591722328001;COAC.  SOLIDARIA LTDA-COTOPAXI;;no;4;Segmento 4;SO;"S4: 2024-01..2025-12 (24m); SO: 2026-01..2026-08 (8m)";8/32;3.48;2026-08;;"segmento cambia en el .sav; BD fijo"
0992660368001;COAC.  DE LOS EMPLEADOS DE CERVECERIA NACIONAL SA Y DINADEC SA CRECER;;no;4;Segmento 4;EM;"S4: 2024-01..2025-12 (23m); EM: 2026-01..2026-08 (8m)";8/31;3.47;2026-08;;"segmento cambia en el .sav; BD fijo"
1790100545001;COAC.  ATAHUALPA;;no;5;Segmento 5;AT;"S4: 2024-01..2025-12 (4m); AT: 2026-08..2026-08 (1m)";5/5;3.34;2026-08;;"segmento cambia en el .sav; BD fijo"
1891709761001;COAC.  EL CALVARIO LTDA;;no;4;Segmento 4;EL;"S4: 2024-01..2025-12 (22m); EL: 2026-01..2026-08 (8m)";8/30;3.29;2026-08;;"segmento cambia en el .sav; BD fijo"
1891724299001;COAC.  15 DE AGOSTO LTDA;;no;4;Segmento 4;15;"S4: 2024-01..2025-12 (22m); 15: 2026-01..2026-08 (8m)";8/30;3.2;2026-08;;"segmento cambia en el .sav; BD fijo"
0491508973001;COAC.  PADRE VICENTE PONCE RUBIO;;no;4;Segmento 4;PA;"S4: 2024-01..2025-11 (23m); PA: 2026-01..2026-08 (8m)";8/31;3.16;2026-08;;"segmento cambia en el .sav; BD fijo"
1391726597001;COAC.  CAMARA DE COMERCIO DEL CANTON BOLIVAR LTDA;;no;4;Segmento 4;CA;"S4: 2024-01..2025-12 (22m); CA: 2026-01..2026-08 (8m)";8/30;2.96;2026-08;;"segmento cambia en el .sav; BD fijo"
1890097533001;COAC.  UNIVERSIDAD TECNICA DE AMBATO LTDA;;no;4;Segmento 4;UN;UN: 2026-08..2026-08 (1m);1/1;2.93;2026-08;;segmento distinto
0590061379001;COAC.  MONSEÑOR LEONIDAS PROAÑO;;no;4;Segmento 4;MO;"S4: 2024-02..2025-11 (16m); MO: 2026-01..2026-08 (8m)";8/24;2.88;2026-08;;"segmento cambia en el .sav; BD fijo"
1191717445001;COAC.  DE LA CAMARA DE COMERCIO DE MACARA CADECOM;;no;4;Segmento 4;CA;"S4: 2024-01..2025-12 (23m); CA: 2026-01..2026-08 (8m)";8/31;2.87;2026-08;;"segmento cambia en el .sav; BD fijo"
1792024641001;COAC.  FUTURO Y DESARROLLO FUNDESARROLLO;;no;4;Segmento 4;FU;"S4: 2024-01..2025-12 (22m); FU: 2026-01..2026-07 (7m)";7/29;2.84;2026-07;;"segmento cambia en el .sav; BD fijo"
1791249453001;COAC.  CASAG;;no;4;Segmento 4;CA;"S4: 2024-01..2025-12 (22m); CA: 2026-01..2026-08 (8m)";8/30;2.8;2026-08;;"segmento cambia en el .sav; BD fijo"
1790157490001;COAC.  VONNELAN;;no;4;Segmento 4;VO;"S4: 2025-04..2025-12 (8m); VO: 2026-01..2026-08 (8m)";8/16;2.74;2026-08;;"segmento cambia en el .sav; BD fijo"
0591722344001;COAC.  FUTURO SALCEDENSE;;no;5;Segmento 5;FU;"S4: 2024-04..2025-12 (14m); FU: 2026-01..2026-08 (6m)";20/20;2.69;2026-08;;"segmento cambia en el .sav; BD fijo"
1792172195001;COAC.  INDIGENA ALFA Y OMEGA LTDA;;no;4;Segmento 4;IN;"S4: 2024-01..2025-11 (21m); IN: 2026-01..2026-08 (8m)";8/29;2.67;2026-08;;"segmento cambia en el .sav; BD fijo"
1791285700001;COAC.  18 DE NOVIEMBRE;;no;4;Segmento 4;18;"S4: 2024-01..2025-12 (22m); 18: 2026-01..2026-08 (8m)";8/30;2.64;2026-08;;"segmento cambia en el .sav; BD fijo"
1792073251001;COAC.  RUMIÑAHUI LIMITADA;;no;4;Segmento 4;RU;"S4: 2024-01..2025-12 (23m); RU: 2026-01..2026-07 (7m)";7/30;2.64;2026-07;;"segmento cambia en el .sav; BD fijo"
1791810899001;COAC.  EMPLEADOS BAYER SA;;no;4;Segmento 4;EM;"S4: 2024-03..2024-12 (5m); EM: 2026-03..2026-07 (3m)";3/8;2.48;2026-07;;"segmento cambia en el .sav; BD fijo"
0992284048001;COAC.  SERVICOOP;;no;4;Segmento 4;EM;"S4: 2024-01..2025-12 (5m); EM: 2026-08..2026-08 (1m)";1/6;2.31;2026-08;;"segmento cambia en el .sav; BD fijo"
1091714791001;COAC.  BOLA AMARILLA LTDA;;no;4;Segmento 4;BO;"S4: 2024-01..2025-12 (24m); BO: 2026-01..2026-08 (8m)";8/32;2.26;2026-08;;"segmento cambia en el .sav; BD fijo"
0990484783001;COAC.  UNIVERSIDAD DE GUAYAQUIL LTDA;;no;3;Segmento 3;UN;"S3: 2024-03..2024-03 (1m); S4: 2024-05..2025-12 (10m); UN: 2026-01..2026-08 (5m)";15/16;2.21;2026-08;;"segmento cambia en el .sav; BD fijo"
1791717910001;COAC.  METEOROLOGIA DAC LTDA;;no;4;Segmento 4;ME;"S4: 2024-01..2025-12 (24m); ME: 2026-01..2026-08 (8m)";8/32;2.18;2026-08;;"segmento cambia en el .sav; BD fijo"
1290042204001;COAC.  EDUCADORES DE QUEVEDO;;no;4;Segmento 4;ED;"S4: 2024-01..2025-12 (22m); ED: 2026-01..2026-08 (8m)";8/30;2.14;2026-08;;"segmento cambia en el .sav; BD fijo"
0990101914001;COAC.  GRUPO NUMERO TRES LIMITADA;;no;4;Segmento 4;GR;"S4: 2024-01..2025-12 (22m); GR: 2026-01..2026-08 (8m)";8/30;2.09;2026-08;;"segmento cambia en el .sav; BD fijo"
1090105783001;COAC.  SEGURACOOP;;no;4;Segmento 4;HU;"S4: 2024-01..2025-12 (24m); HU: 2026-01..2026-08 (8m)";8/32;2.09;2026-08;;"segmento cambia en el .sav; BD fijo"
1891724167001;COAC.  CORPOTRANST;;no;4;Segmento 4;CO;"S4: 2024-01..2025-11 (22m); CO: 2026-01..2026-08 (8m)";8/30;2.05;2026-08;;"segmento cambia en el .sav; BD fijo"
1792348560001;COAC.  INTEGRACION DESARROLLO Y FUTURO LIMITADA;;no;4;Segmento 4;IN;"S4: 2024-01..2025-12 (9m); IN: 2026-02..2026-03 (2m)";2/11;2.03;2026-03;;"segmento cambia en el .sav; BD fijo"
1391753756001;COAC.  VISION LTDA;;no;4;Segmento 4;VI;"S4: 2024-01..2025-12 (24m); VI: 2026-01..2026-08 (8m)";8/32;1.98;2026-08;;"segmento cambia en el .sav; BD fijo"
0690075598001;COAC.  CAMARA DE COMERCIO DE RIOBAMBA LTDA;;no;3;Segmento 3;CA;"S3: 2024-01..2025-03 (15m); S4: 2025-04..2025-12 (8m); CA: 2026-01..2026-08 (8m)";16/31;1.93;2026-08;;"segmento cambia en el .sav; BD fijo"
1792323703001;COAC.  DE ACCION POPULAR;;no;4;Segmento 4;CO;"S4: 2024-01..2025-12 (24m); CO: 2026-01..2026-08 (8m)";8/32;1.93;2026-08;;"segmento cambia en el .sav; BD fijo"
0691705897001;COAC.  GUAMOTE LTDA;;no;4;Segmento 4;GU;"S4: 2024-01..2024-03 (2m); GU: 2026-04..2026-08 (4m)";4/6;1.92;2026-08;;"segmento cambia en el .sav; BD fijo"
0691732231001;COAC.  JESUS DE NAZARETH LTDA;;no;4;Segmento 4;JE;"S4: 2024-05..2025-10 (3m); JE: 2026-08..2026-08 (1m)";1/4;1.82;2026-08;;"segmento cambia en el .sav; BD fijo"
0391000115001;COAC.  CACMA LTDA;;no;5;Segmento 5;EM;"S4: 2024-01..2025-12 (24m); EM: 2026-01..2026-08 (8m)";32/32;1.8;2026-08;;"segmento cambia en el .sav; BD fijo"
0990904839001;COAC.  26 DE JULIO LTDA;;no;4;Segmento 4;26;"S4: 2024-01..2025-11 (21m); 26: 2026-01..2026-07 (7m)";7/28;1.65;2026-07;;"segmento cambia en el .sav; BD fijo"
1791378652001;COAC.  BIENESTAR, DESARROLLO Y EMPRENDIMIENTO COOPBDE;;no;4;Segmento 4;BI;"S4: 2024-01..2025-12 (22m); BI: 2026-01..2026-08 (8m)";8/30;1.63;2026-08;;"segmento cambia en el .sav; BD fijo"
1091715143001;COAC.  SALINERITA LTDA;;no;4;Segmento 4;SA;"S4: 2024-01..2025-12 (23m); SA: 2026-01..2026-07 (7m)";7/30;1.62;2026-07;;"segmento cambia en el .sav; BD fijo"
0690076314001;COAC.  SOLIDARIO LTDA;;no;5;Segmento 5;S4;S4: 2025-07..2025-07 (1m);1/1;1.54;2025-07;;segmento distinto
0992787686001;COAC.  PLASTIGAMA;;no;4;Segmento 4;PL;"S4: 2024-01..2025-12 (24m); PL: 2026-01..2026-08 (8m)";8/32;1.53;2026-08;;"segmento cambia en el .sav; BD fijo"
1790571386001;COAC.  DE EMPLEADOS TRABAJADORES JUBILADOS Y EX-EMPLEADOS DE PETROECUADOR LTDA;;no;4;Segmento 4;EM;"S4: 2024-01..2025-12 (22m); EM: 2026-01..2026-08 (8m)";8/30;1.51;2026-08;;"segmento cambia en el .sav; BD fijo"
0791721040001;COAC.  SERVIDORES DE LA UNIVERSIDAD TECNICA DE MACHALA;;no;4;Segmento 4;UN;"S4: 2024-01..2025-12 (20m); UN: 2026-01..2026-08 (8m)";8/28;1.46;2026-08;;"segmento cambia en el .sav; BD fijo"
1791292820001;COAC.  FUTURO ESFUERZO Y DISCIPLINA;;no;4;Segmento 4;FU;"S4: 2024-01..2025-12 (24m); FU: 2026-01..2026-08 (8m)";8/32;1.45;2026-08;;"segmento cambia en el .sav; BD fijo"
0790081366001;COAC.  LUZ DE EL ORO LTDA;;no;5;Segmento 5;LU;"S4: 2024-01..2025-12 (5m); LU: 2026-08..2026-08 (1m)";6/6;1.45;2026-08;;"segmento cambia en el .sav; BD fijo"
1291718317001;COAC.  DE TRABAJADORES AGROPECUARIOS Y DE SERVICIOS EL PORVENIR;;no;4;Segmento 4;TR;"S4: 2025-07..2025-12 (3m); TR: 2026-08..2026-08 (1m)";1/4;1.44;2026-08;;"segmento cambia en el .sav; BD fijo"
2191710072001;COAC.  FOCAP;;no;5;Segmento 5;S4;S4: 2025-07..2025-07 (1m);1/1;1.37;2025-07;;segmento distinto
0190333515001;COAC.  CICA COLEGIO DE INGENIEROS CIVILES DEL AZUAY;;no;4;Segmento 4;CO;"S4: 2024-01..2025-12 (24m); CO: 2026-01..2026-08 (8m)";8/32;1.23;2026-08;;"segmento cambia en el .sav; BD fijo"
0691734196001;COAC.  EL ALTAR LTDA;;no;4;Segmento 4;EL;"S4: 2024-01..2025-12 (22m); EL: 2026-01..2026-08 (8m)";8/30;1.22;2026-08;;"segmento cambia en el .sav; BD fijo"
0690075881001;COAC.  LLACTA PURA;;no;4;Segmento 4;LL;"S4: 2024-01..2025-12 (24m); LL: 2026-01..2026-08 (8m)";8/32;1.2;2026-08;;"segmento cambia en el .sav; BD fijo"
1792072808001;COAC.  DE LOS EMPLEADOS DE LA CORPORACION FINANCIERA NACIONAL CORFINAL;;no;4;Segmento 4;DE;"S4: 2024-01..2025-12 (23m); DE: 2026-01..2026-08 (8m)";8/31;1.17;2026-08;;"segmento cambia en el .sav; BD fijo"
1590019328001;COAC.  EDUCADORES DEL NAPO;;no;4;Segmento 4;ED;"S4: 2024-01..2025-12 (22m); ED: 2026-01..2026-08 (8m)";8/30;1.12;2026-08;;"segmento cambia en el .sav; BD fijo"
0691718417001;COAC.  ÑAUPA KAUSAY;;no;5;Segmento 5;S4;S4: 2025-07..2025-07 (1m);1/1;1.1;2025-07;;segmento distinto
1391767870001;COAC.  LA UNION LTDA;;no;4;Segmento 4;LA;"S4: 2024-03..2025-12 (19m); LA: 2026-01..2026-08 (8m)";8/27;1.09;2026-08;;"segmento cambia en el .sav; BD fijo"
0992463619001;COAC.  DEL EMIGRANTE ECUATORIANO Y SU FAMILIA LTDA;;no;4;Segmento 4;EM;"S4: 2024-01..2025-12 (24m); EM: 2026-01..2026-08 (8m)";8/32;1.07;2026-08;;"segmento cambia en el .sav; BD fijo"
0391015678001;COAC.  ATLANTIDA;;no;5;Segmento 5;S4;S4: 2025-07..2025-07 (1m);1/1;1.03;2025-07;;segmento distinto
0691700402001;COAC.  MANUELA LEON;;no;5;Segmento 5;MA;"S4: 2024-04..2025-12 (17m); MA: 2026-01..2026-08 (8m)";25/25;1.0;2026-08;;"segmento cambia en el .sav; BD fijo"
1290055926001;COAC.  LA SOLUCION CACSOLU;;no;5;Segmento 5;S4;S4: 2025-07..2025-07 (1m);1/1;0.91;2025-07;;segmento distinto
1391779356001;COAC.  KOLPING LTDA;;no;5;Segmento 5;S4;S4: 2025-07..2025-07 (1m);1/1;0.87;2025-07;;segmento distinto
1391708637001;COAC.  DE EMPLEADOS DE MODERNA ALIMENTOS;;no;5;Segmento 5;S4;S4: 2025-07..2025-07 (1m);1/1;0.84;2025-07;;segmento distinto
1891723713001;COAC.  UNION QUISAPINCHALTDA;;no;5;Segmento 5;S4;S4: 2025-07..2025-07 (1m);1/1;0.67;2025-07;;segmento distinto
2091756601001;COAC.  FUTURO Y PROGRESO DE GALAPAGOS;;no;4;Segmento 4;FU;"S4: 2024-01..2025-11 (23m); FU: 2026-01..2026-02 (2m)";2/25;0.56;2026-02;;"segmento cambia en el .sav; BD fijo"
